{
  "partsInfo": {
    "compressLevel": 11,
    "memoryLevel": 9,
    "strategy": 5,
    "windowBits": 17
  },
  "shape": {
    "filename": "Nose_3.glb",
    "transform": [
      [
        6.131340026855469,
        92.95226287841797,
        0.15672054886817932
      ],
      [
        0.0,
        11.093826293945312,
        87.53856658935547
      ],
      [
        -2.3594112396240234,
        0.0,
        6.133235931396484
      ],
      [
        92.58515167236328,
        -3.328220844268799,
        0.0
      ],
      [
        6.129438877105713,
        92.55476379394531,
        3.6382980346679688
      ],
      [
        0.0,
        11.238890647888184,
        87.09099578857422
      ]
    ]
  }
}