{
  "partsInfo": {
    "compressLevel": 11,
    "memoryLevel": 9,
    "strategy": 5,
    "windowBits": 17
  },
  "shape": {
    "filename": "Nose_4.glb",
    "transform": [
      [
        6.129065036773682,
        92.95073699951172,
        0.15672051906585693
      ],
      [
        0.0,
        11.089710235595703,
        87.53722381591797
      ],
      [
        -2.358484983444214,
        0.0,
        6.130959987640381
      ],
      [
        92.5836181640625,
        -3.3269283771514893,
        0.0
      ],
      [
        6.127164363861084,
        92.55323791503906,
        3.6370058059692383
      ],
      [
        0.0,
        11.234720230102539,
        87.08981323242188
      ]
    ]
  }
}